<?xml version="1.0" encoding="UTF-8"?>
<project-private xmlns="http://www.netbeans.org/ns/project-private/1">
    <editor-bookmarks xmlns="http://www.netbeans.org/ns/editor-bookmarks/2" lastBookmarkId="0"/>
    <open-files xmlns="http://www.netbeans.org/ns/projectui-open-files/2">
        <group>
            <file>file:/F:/Education/Java%20Training%20Material/MyStuff/Session23%20Testing%20Adnanced/Exercises/Exercise3/src/exercise3/Exercise3.java</file>
            <file>file:/F:/Education/Java%20Training%20Material/MyStuff/Session23%20Testing%20Adnanced/Exercises/Exercise3/test/test/AssertionsTest.java</file>
        </group>
    </open-files>
</project-private>
