<?xml version="1.0"?>
<!DOCTYPE hibernate-mapping
PUBLIC "-//Hibernate/Hibernate Mapping DTD//EN"
"http://hibernate.sourceforge.net/hibernate-mapping-2.0.dtd">
<hibernate-mapping>
	<class name="com.journaldev.hibernate.data.Employee" table="employee">
		<id name="employeeId" column="EMP_ID" type="long">
			<generator class="native" />
		</id>
		<property name="employeeName" column="EMP_NAME" type="string"/>
		<property name="employeeHireDate" column="EMP_HIRE_DATE" type="date"/>
		<property name="employeeSalary" column="EMP_SALARY" type="double"/>
	</class>	
</hibernate-mapping>