<?xml version="1.0" encoding="UTF-8"?>
<project-private xmlns="http://www.netbeans.org/ns/project-private/1">
    <editor-bookmarks xmlns="http://www.netbeans.org/ns/editor-bookmarks/2" lastBookmarkId="0"/>
    <open-files xmlns="http://www.netbeans.org/ns/projectui-open-files/2">
        <group>
            <file>file:/F:/Education/Java%20Training%20Material/MyStuff/Session12%20Design%20Patterns/Exercises/Exersise%201/src/exersise/pkg1/Exersise1.java</file>
            <file>file:/F:/Education/Java%20Training%20Material/MyStuff/Session12%20Design%20Patterns/Exercises/Exersise%201/src/exersise/pkg1/ScheduleServer.java</file>
            <file>file:/F:/Education/Java%20Training%20Material/MyStuff/Session12%20Design%20Patterns/Exercises/Exersise%201/src/exersise/pkg1/ScheduleServerFacade.java</file>
        </group>
    </open-files>
</project-private>
