<?xml version="1.0" encoding="UTF-8"?>
<project-private xmlns="http://www.netbeans.org/ns/project-private/1">
    <editor-bookmarks xmlns="http://www.netbeans.org/ns/editor-bookmarks/2" lastBookmarkId="0"/>
    <open-files xmlns="http://www.netbeans.org/ns/projectui-open-files/2">
        <group>
            <file>file:/E:/Education/Java%20Training%20Material/MyStuff/Session23%20Testing%20Adnanced/Exercises/Exercise1/src/exercise1/FirstDayAtSchool.java</file>
            <file>file:/E:/Education/Java%20Training%20Material/MyStuff/Session23%20Testing%20Adnanced/Exercises/Exercise1/test/exercise1/FirstDayAtSchoolTest.java</file>
        </group>
    </open-files>
</project-private>
